tower_id,tower_name,city,state,latitude,longitude,technology,vendor,capacity,installation_date,status
TWR00001,AHM-TWR-0001,Ahmedabad,Gujarat,23.042859,72.57138,5G,Cisco,2510,2023-04-30,Degraded
TWR00002,JAI-TWR-0002,Jaipur,Rajasthan,26.89561,75.771911,5G,Huawei,3062,2021-05-10,Degraded
TWR00003,LUC-TWR-0003,Lucknow,Uttar Pradesh,26.879624,80.954979,4G,Samsung Networks,3216,2022-04-27,Degraded
TWR00004,KOL-TWR-0004,Kolkata,West Bengal,22.566561,88.352128,4G,Ericsson,2109,2024-09-10,Active
TWR00005,BEN-TWR-0005,Bengaluru,Karnataka,13.003509,77.615485,5G,Cisco,4264,2026-02-08,Maintenance
TWR00006,BEN-TWR-0006,Bengaluru,Karnataka,12.986721,77.620849,5G,Samsung Networks,2733,2023-10-09,Active
TWR00007,CHE-TWR-0007,Chennai,Tamil Nadu,13.115619,80.27774,4G,Nokia,4592,2021-09-11,Degraded
TWR00008,PUN-TWR-0008,Pune,Maharashtra,18.485904,73.843081,5G,Samsung Networks,3667,2026-02-13,Degraded
TWR00009,JAI-TWR-0009,Jaipur,Rajasthan,26.939015,75.749928,5G,Samsung Networks,4031,2022-05-16,Maintenance
TWR00010,HYD-TWR-0010,Hyderabad,Telangana,17.390557,78.52001,5G,Ericsson,2137,2024-09-28,Active
TWR00011,LUC-TWR-0011,Lucknow,Uttar Pradesh,26.84615,80.945958,4G,Samsung Networks,1692,2021-08-07,Degraded
TWR00012,MUM-TWR-0012,Mumbai,Maharashtra,19.09096,72.91742,5G,Huawei,2974,2022-05-19,Maintenance
TWR00013,BEN-TWR-0013,Bengaluru,Karnataka,12.968601,77.56102,4G,Nokia,2634,2025-05-27,Maintenance
TWR00014,KOL-TWR-0014,Kolkata,West Bengal,22.549538,88.356618,5G,Nokia,4822,2022-10-24,Active
TWR00015,LUC-TWR-0015,Lucknow,Uttar Pradesh,26.886035,80.97661,4G,Nokia,2436,2023-01-31,Active
TWR00016,AHM-TWR-0016,Ahmedabad,Gujarat,22.983973,72.591555,5G,Samsung Networks,2014,2021-06-05,Degraded
TWR00017,MUM-TWR-0017,Mumbai,Maharashtra,19.089118,72.84109,5G,Samsung Networks,1964,2023-02-13,Active
TWR00018,LUC-TWR-0018,Lucknow,Uttar Pradesh,26.849387,80.97295,5G,Samsung Networks,2381,2025-09-01,Degraded
TWR00019,MUM-TWR-0019,Mumbai,Maharashtra,19.101044,72.87398,4G,Huawei,4420,2026-01-25,Active
TWR00020,CHE-TWR-0020,Chennai,Tamil Nadu,13.103779,80.298016,5G,Samsung Networks,2460,2024-01-06,Degraded
TWR00021,CHE-TWR-0021,Chennai,Tamil Nadu,13.047767,80.252922,4G,Huawei,4213,2026-01-14,Active
TWR00022,KOL-TWR-0022,Kolkata,West Bengal,22.546459,88.400125,4G,Cisco,3862,2025-01-12,Active
TWR00023,JAI-TWR-0023,Jaipur,Rajasthan,26.928516,75.820279,4G,Nokia,1990,2023-11-04,Active
TWR00024,CHE-TWR-0024,Chennai,Tamil Nadu,13.084771,80.236495,4G,Cisco,3355,2025-04-12,Degraded
TWR00025,HYD-TWR-0025,Hyderabad,Telangana,17.386678,78.483099,5G,Ericsson,3094,2022-08-20,Active
TWR00026,KOL-TWR-0026,Kolkata,West Bengal,22.555542,88.362861,5G,Cisco,2018,2026-02-15,Active
TWR00027,CHE-TWR-0027,Chennai,Tamil Nadu,13.050862,80.28558,4G,Nokia,2853,2025-09-30,Active
TWR00028,HYD-TWR-0028,Hyderabad,Telangana,17.368819,78.480177,5G,Cisco,1732,2022-12-15,Maintenance
TWR00029,BEN-TWR-0029,Bengaluru,Karnataka,12.991298,77.627018,5G,Huawei,3679,2023-02-03,Degraded
TWR00030,JAI-TWR-0030,Jaipur,Rajasthan,26.912921,75.763252,5G,Huawei,4342,2021-05-22,Degraded
TWR00031,LUC-TWR-0031,Lucknow,Uttar Pradesh,26.87801,80.983128,4G,Nokia,4773,2023-12-29,Active
TWR00032,DEL-TWR-0032,Delhi,Delhi,28.740296,77.128102,5G,Huawei,2721,2024-01-27,Active
TWR00033,DEL-TWR-0033,Delhi,Delhi,28.70565,77.088821,5G,Huawei,2026,2021-08-03,Maintenance
TWR00034,LUC-TWR-0034,Lucknow,Uttar Pradesh,26.834434,80.921629,4G,Samsung Networks,2813,2024-06-29,Degraded
TWR00035,JAI-TWR-0035,Jaipur,Rajasthan,26.879872,75.780155,5G,Huawei,1512,2023-03-19,Active
TWR00036,HYD-TWR-0036,Hyderabad,Telangana,17.350554,78.460076,5G,Nokia,2421,2021-04-07,Active
TWR00037,CHE-TWR-0037,Chennai,Tamil Nadu,13.07275,80.293377,5G,Cisco,4462,2022-01-23,Active
TWR00038,PUN-TWR-0038,Pune,Maharashtra,18.53465,73.858445,4G,Samsung Networks,2737,2022-09-01,Active
TWR00039,KOL-TWR-0039,Kolkata,West Bengal,22.54055,88.3639,5G,Cisco,3673,2022-05-23,Active
TWR00040,AHM-TWR-0040,Ahmedabad,Gujarat,22.988796,72.602647,5G,Samsung Networks,4088,2021-07-05,Active
TWR00041,PUN-TWR-0041,Pune,Maharashtra,18.558056,73.867315,5G,Nokia,3986,2021-08-17,Degraded
TWR00042,BEN-TWR-0042,Bengaluru,Karnataka,12.98761,77.599111,4G,Nokia,1572,2024-08-09,Active
TWR00043,CHE-TWR-0043,Chennai,Tamil Nadu,13.100102,80.256837,5G,Nokia,2327,2022-06-13,Active
TWR00044,PUN-TWR-0044,Pune,Maharashtra,18.556499,73.851016,5G,Huawei,3223,2026-01-24,Degraded
TWR00045,MUM-TWR-0045,Mumbai,Maharashtra,19.086496,72.893496,4G,Cisco,1992,2022-06-08,Active
TWR00046,LUC-TWR-0046,Lucknow,Uttar Pradesh,26.843875,80.929281,5G,Ericsson,3952,2025-05-08,Degraded
TWR00047,PUN-TWR-0047,Pune,Maharashtra,18.510377,73.86638,4G,Samsung Networks,4042,2022-06-22,Active
TWR00048,HYD-TWR-0048,Hyderabad,Telangana,17.37881,78.497338,4G,Samsung Networks,4287,2022-05-12,Degraded
TWR00049,MUM-TWR-0049,Mumbai,Maharashtra,19.09713,72.888599,5G,Nokia,4917,2023-12-01,Active
TWR00050,BEN-TWR-0050,Bengaluru,Karnataka,12.957543,77.627141,5G,Ericsson,4498,2024-06-13,Active
TWR00051,CHE-TWR-0051,Chennai,Tamil Nadu,13.094839,80.282874,4G,Samsung Networks,1796,2025-11-10,Maintenance
TWR00052,JAI-TWR-0052,Jaipur,Rajasthan,26.915142,75.799305,4G,Ericsson,4334,2021-06-18,Degraded
TWR00053,PUN-TWR-0053,Pune,Maharashtra,18.525717,73.832537,4G,Samsung Networks,3904,2025-10-28,Active
TWR00054,LUC-TWR-0054,Lucknow,Uttar Pradesh,26.849475,80.98154,5G,Cisco,2066,2026-01-09,Active
TWR00055,HYD-TWR-0055,Hyderabad,Telangana,17.366264,78.495675,5G,Cisco,4559,2025-03-30,Degraded
TWR00056,MUM-TWR-0056,Mumbai,Maharashtra,19.046632,72.913707,5G,Nokia,3987,2023-03-14,Active
TWR00057,HYD-TWR-0057,Hyderabad,Telangana,17.350572,78.481028,4G,Samsung Networks,2848,2023-02-22,Degraded
TWR00058,HYD-TWR-0058,Hyderabad,Telangana,17.410502,78.489387,5G,Ericsson,1970,2026-01-10,Degraded
TWR00059,KOL-TWR-0059,Kolkata,West Bengal,22.565917,88.344536,4G,Cisco,4619,2026-01-08,Degraded
TWR00060,BEN-TWR-0060,Bengaluru,Karnataka,12.948838,77.579351,5G,Nokia,2454,2021-03-29,Degraded
TWR00061,AHM-TWR-0061,Ahmedabad,Gujarat,23.033725,72.602189,4G,Huawei,4663,2022-02-27,Active
TWR00062,HYD-TWR-0062,Hyderabad,Telangana,17.410936,78.514909,4G,Huawei,4395,2022-03-18,Maintenance
TWR00063,MUM-TWR-0063,Mumbai,Maharashtra,19.076952,72.844142,5G,Samsung Networks,4921,2022-09-14,Maintenance
TWR00064,CHE-TWR-0064,Chennai,Tamil Nadu,13.105686,80.256573,5G,Cisco,1824,2023-05-18,Active
TWR00065,PUN-TWR-0065,Pune,Maharashtra,18.549296,73.876587,4G,Nokia,4063,2022-12-08,Active
TWR00066,JAI-TWR-0066,Jaipur,Rajasthan,26.9222,75.794975,4G,Samsung Networks,2658,2025-04-15,Active
TWR00067,MUM-TWR-0067,Mumbai,Maharashtra,19.051697,72.887293,5G,Nokia,3575,2022-02-16,Active
TWR00068,DEL-TWR-0068,Delhi,Delhi,28.743817,77.115055,4G,Samsung Networks,4428,2026-02-03,Maintenance
TWR00069,HYD-TWR-0069,Hyderabad,Telangana,17.364685,78.468772,4G,Samsung Networks,4106,2022-08-07,Maintenance
TWR00070,KOL-TWR-0070,Kolkata,West Bengal,22.549967,88.390282,4G,Huawei,2088,2022-09-14,Active
TWR00071,AHM-TWR-0071,Ahmedabad,Gujarat,23.016267,72.551766,5G,Ericsson,3466,2024-04-15,Degraded
TWR00072,AHM-TWR-0072,Ahmedabad,Gujarat,23.009517,72.604192,4G,Huawei,2494,2023-06-02,Active
TWR00073,PUN-TWR-0073,Pune,Maharashtra,18.515671,73.827783,5G,Cisco,1608,2025-06-01,Degraded
TWR00074,HYD-TWR-0074,Hyderabad,Telangana,17.418217,78.492081,5G,Huawei,2729,2024-11-04,Active
TWR00075,HYD-TWR-0075,Hyderabad,Telangana,17.360481,78.472732,4G,Nokia,4151,2021-12-08,Maintenance
TWR00076,MUM-TWR-0076,Mumbai,Maharashtra,19.089525,72.911707,4G,Samsung Networks,2522,2021-03-14,Active
TWR00077,LUC-TWR-0077,Lucknow,Uttar Pradesh,26.81522,80.915798,5G,Huawei,3797,2022-01-19,Active
TWR00078,PUN-TWR-0078,Pune,Maharashtra,18.552445,73.858611,5G,Ericsson,2286,2025-07-07,Maintenance
TWR00079,DEL-TWR-0079,Delhi,Delhi,28.725586,77.136282,4G,Cisco,4068,2023-10-23,Degraded
TWR00080,KOL-TWR-0080,Kolkata,West Bengal,22.597878,88.392662,4G,Samsung Networks,4098,2025-04-02,Active
TWR00081,KOL-TWR-0081,Kolkata,West Bengal,22.559191,88.367299,5G,Ericsson,1563,2021-07-26,Active
TWR00082,MUM-TWR-0082,Mumbai,Maharashtra,19.070545,72.845426,5G,Huawei,2312,2021-05-18,Degraded
TWR00083,MUM-TWR-0083,Mumbai,Maharashtra,19.0623,72.908543,4G,Ericsson,4435,2021-12-01,Maintenance
TWR00084,BEN-TWR-0084,Bengaluru,Karnataka,13.003144,77.609261,4G,Ericsson,3047,2026-02-08,Active
TWR00085,JAI-TWR-0085,Jaipur,Rajasthan,26.930621,75.758609,5G,Samsung Networks,1718,2025-07-19,Active
TWR00086,MUM-TWR-0086,Mumbai,Maharashtra,19.084207,72.870281,5G,Samsung Networks,3997,2022-05-04,Maintenance
TWR00087,MUM-TWR-0087,Mumbai,Maharashtra,19.094456,72.85868,5G,Ericsson,3184,2022-08-16,Maintenance
TWR00088,MUM-TWR-0088,Mumbai,Maharashtra,19.067265,72.853907,5G,Nokia,3887,2024-01-07,Maintenance
TWR00089,BEN-TWR-0089,Bengaluru,Karnataka,12.95921,77.63238,4G,Samsung Networks,2531,2024-06-28,Active
TWR00090,MUM-TWR-0090,Mumbai,Maharashtra,19.077056,72.862343,4G,Ericsson,4143,2022-02-24,Degraded
TWR00091,BEN-TWR-0091,Bengaluru,Karnataka,13.006778,77.560106,5G,Huawei,4271,2022-05-13,Degraded
TWR00092,AHM-TWR-0092,Ahmedabad,Gujarat,23.016356,72.549799,5G,Huawei,1914,2022-06-26,Active
TWR00093,JAI-TWR-0093,Jaipur,Rajasthan,26.9131,75.811991,4G,Samsung Networks,2587,2023-08-03,Active
TWR00094,KOL-TWR-0094,Kolkata,West Bengal,22.565363,88.355678,5G,Nokia,4954,2021-09-20,Active
TWR00095,CHE-TWR-0095,Chennai,Tamil Nadu,13.09721,80.303821,5G,Nokia,4403,2025-10-28,Degraded
TWR00096,DEL-TWR-0096,Delhi,Delhi,28.709763,77.118512,5G,Cisco,4219,2024-09-22,Maintenance
TWR00097,DEL-TWR-0097,Delhi,Delhi,28.686488,77.074172,5G,Cisco,2164,2022-01-22,Active
TWR00098,CHE-TWR-0098,Chennai,Tamil Nadu,13.044892,80.27104,5G,Huawei,4800,2022-11-14,Maintenance
TWR00099,CHE-TWR-0099,Chennai,Tamil Nadu,13.108824,80.270104,5G,Huawei,1592,2024-03-21,Active
TWR00100,DEL-TWR-0100,Delhi,Delhi,28.713412,77.126019,5G,Huawei,2858,2024-04-08,Active
